{"1_train": {"Loss": 0.6947829127311707, "Acc:": 0.49918970465660095, "rso50": 0.4583333333333333, "margin": 4.357099533081055e-05}, "1_eval": {"Loss": 0.6931551098823547, "Acc:": 0.5, "rso50": 0.5, "margin": 0.0019953250885009766}, "2_train": {"Loss": 0.4838918149471283, "Acc:": 0.6248551607131958, "rso50": 0.9583333333333334, "margin": 0.04367268085479736}, "2_eval": {"Loss": 0.4269615113735199, "Acc:": 0.6560896039009094, "rso50": 1.0, "margin": 0.10620135068893433}, "3_train": {"Loss": 0.3933049738407135, "Acc:": 0.6803696751594543, "rso50": 1.0, "margin": 0.08375653624534607}, "3_eval": {"Loss": 0.3071838319301605, "Acc:": 0.7419953346252441, "rso50": 1.0, "margin": 0.14642131328582764}, "4_train": {"Loss": 0.3830946981906891, "Acc:": 0.6861218810081482, "rso50": 1.0, "margin": 0.0665188729763031}, "4_eval": {"Loss": 0.29221853613853455, "Acc:": 0.7517178654670715, "rso50": 1.0, "margin": 0.1815066933631897}, "5_train": {"Loss": 0.3187631368637085, "Acc:": 0.734704315662384, "rso50": 1.0, "margin": 0.11449933052062988}, "5_eval": {"Loss": 0.26751241087913513, "Acc:": 0.7747572064399719, "rso50": 1.0, "margin": 0.16128677129745483}, "6_train": {"Loss": 0.2572137117385864, "Acc:": 0.7799903750419617, "rso50": 1.0, "margin": 0.06625813245773315}, "6_eval": {"Loss": 0.23410171270370483, "Acc:": 0.7993912100791931, "rso50": 1.0, "margin": 0.18871217966079712}, "7_train": {"Loss": 0.27107855677604675, "Acc:": 0.7710306644439697, "rso50": 1.0, "margin": 0.08037829399108887}, "7_eval": {"Loss": 0.15719549357891083, "Acc:": 0.8586322665214539, "rso50": 1.0, "margin": 0.2748805284500122}, "8_train": {"Loss": 0.20433373749256134, "Acc:": 0.8263375759124756, "rso50": 1.0, "margin": 0.006486237049102783}, "8_eval": {"Loss": 0.14082762598991394, "Acc:": 0.8730114102363586, "rso50": 1.0, "margin": 0.2864871025085449}, "9_train": {"Loss": 0.19290709495544434, "Acc:": 0.8328328728675842, "rso50": 1.0, "margin": 0.09715288877487183}, "9_eval": {"Loss": 0.13172614574432373, "Acc:": 0.8798802495002747, "rso50": 1.0, "margin": 0.3051453232765198}, "10_train": {"Loss": 0.22368299961090088, "Acc:": 0.8047971725463867, "rso50": 1.0, "margin": 0.11334961652755737}, "10_eval": {"Loss": 0.18891529738903046, "Acc:": 0.8384930491447449, "rso50": 1.0, "margin": 0.20536351203918457}, "11_train": {"Loss": 0.2700006067752838, "Acc:": 0.7708733677864075, "rso50": 1.0, "margin": 0.04425358772277832}, "11_eval": {"Loss": 0.28556928038597107, "Acc:": 0.761853039264679, "rso50": 1.0, "margin": 0.1372309923171997}, "12_train": {"Loss": 0.15603217482566833, "Acc:": 0.863246738910675, "rso50": 1.0, "margin": 0.01887422800064087}, "12_eval": {"Loss": 0.069516122341156, "Acc:": 0.9333875775337219, "rso50": 1.0, "margin": 0.40445923805236816}, "13_train": {"Loss": 0.23102718591690063, "Acc:": 0.8035970330238342, "rso50": 0.9583333333333334, "margin": 0.1285422444343567}, "13_eval": {"Loss": 0.2831231653690338, "Acc:": 0.765958309173584, "rso50": 1.0, "margin": 0.12926006317138672}, "14_train": {"Loss": 0.18953974545001984, "Acc:": 0.8378866314888, "rso50": 1.0, "margin": 0.05543798208236694}, "14_eval": {"Loss": 0.18184371292591095, "Acc:": 0.8437559008598328, "rso50": 1.0, "margin": 0.21410012245178223}}