{"1_train": {"Loss": 0.6783177256584167, "Acc:": 0.5078033804893494, "rso50": 0.625, "margin": 0.002618074417114258}, "1_eval": {"Loss": 0.6752626299858093, "Acc:": 0.5091332793235779, "rso50": 0.8333333333333334, "margin": 0.0036072731018066406}, "2_train": {"Loss": 0.531593918800354, "Acc:": 0.5949833393096924, "rso50": 0.9583333333333334, "margin": 0.003099679946899414}, "2_eval": {"Loss": 0.47813716530799866, "Acc:": 0.6213958859443665, "rso50": 1.0, "margin": 0.08163189888000488}, "3_train": {"Loss": 0.3918133080005646, "Acc:": 0.6810814738273621, "rso50": 1.0, "margin": 0.0872117280960083}, "3_eval": {"Loss": 0.30402296781539917, "Acc:": 0.7431548237800598, "rso50": 1.0, "margin": 0.15756165981292725}, "4_train": {"Loss": 0.3740481436252594, "Acc:": 0.6953005790710449, "rso50": 1.0, "margin": 0.03095012903213501}, "4_eval": {"Loss": 0.29201605916023254, "Acc:": 0.7575020790100098, "rso50": 1.0, "margin": 0.13053596019744873}, "5_train": {"Loss": 0.3493172824382782, "Acc:": 0.7147067189216614, "rso50": 1.0, "margin": 0.08158862590789795}, "5_eval": {"Loss": 0.29549577832221985, "Acc:": 0.761934220790863, "rso50": 1.0, "margin": 0.09936368465423584}, "6_train": {"Loss": 0.23264126479625702, "Acc:": 0.8046402335166931, "rso50": 0.9166666666666666, "margin": 0.04909557104110718}, "6_eval": {"Loss": 0.11503171175718307, "Acc:": 0.8923781514167786, "rso50": 1.0, "margin": 0.358927845954895}, "7_train": {"Loss": 0.28468552231788635, "Acc:": 0.7604387402534485, "rso50": 1.0, "margin": 0.003814786672592163}, "7_eval": {"Loss": 0.37037238478660583, "Acc:": 0.7149825096130371, "rso50": 1.0, "margin": 0.03140580654144287}, "8_train": {"Loss": 0.22099120914936066, "Acc:": 0.809959888458252, "rso50": 1.0, "margin": 0.013317584991455078}, "8_eval": {"Loss": 0.14695127308368683, "Acc:": 0.867856502532959, "rso50": 1.0, "margin": 0.27960312366485596}, "9_train": {"Loss": 0.21892599761486053, "Acc:": 0.8111670017242432, "rso50": 1.0, "margin": 0.05044400691986084}, "9_eval": {"Loss": 0.2313469648361206, "Acc:": 0.8020674586296082, "rso50": 1.0, "margin": 0.1851244568824768}, "10_train": {"Loss": 0.21663270890712738, "Acc:": 0.8121064305305481, "rso50": 1.0, "margin": 0.014442503452301025}, "10_eval": {"Loss": 0.14211027324199677, "Acc:": 0.8706408143043518, "rso50": 1.0, "margin": 0.29706132411956787}, "11_train": {"Loss": 0.27663761377334595, "Acc:": 0.7720509171485901, "rso50": 1.0, "margin": 0.0019707679748535156}, "11_eval": {"Loss": 0.19941504299640656, "Acc:": 0.824086606502533, "rso50": 1.0, "margin": 0.2375861406326294}, "12_train": {"Loss": 0.1669108271598816, "Acc:": 0.8514678478240967, "rso50": 1.0, "margin": 0.18034934997558594}, "12_eval": {"Loss": 0.16289980709552765, "Acc:": 0.8586041331291199, "rso50": 1.0, "margin": 0.23526614904403687}, "13_train": {"Loss": 0.19490665197372437, "Acc:": 0.8327783942222595, "rso50": 0.9583333333333334, "margin": 0.1433379352092743}, "13_eval": {"Loss": 0.1593986600637436, "Acc:": 0.859674870967865, "rso50": 1.0, "margin": 0.2503352165222168}, "14_train": {"Loss": 0.20930428802967072, "Acc:": 0.818440854549408, "rso50": 1.0, "margin": 0.04123854637145996}, "14_eval": {"Loss": 0.1455065757036209, "Acc:": 0.8697444796562195, "rso50": 1.0, "margin": 0.275442898273468}}