{"1_train": {"Loss": 0.6620645523071289, "Acc:": 0.5168222784996033, "rso50": 0.7083333333333334, "margin": 0.00048470497131347656}, "1_eval": {"Loss": 0.6557410359382629, "Acc:": 0.5196781158447266, "rso50": 0.8333333333333334, "margin": 0.002887725830078125}, "2_train": {"Loss": 0.6622260212898254, "Acc:": 0.517333447933197, "rso50": 0.75, "margin": 0.001985490322113037}, "2_eval": {"Loss": 0.6646034717559814, "Acc:": 0.5162413716316223, "rso50": 0.8333333333333334, "margin": 0.029616177082061768}, "3_train": {"Loss": 0.408931702375412, "Acc:": 0.6695426106452942, "rso50": 1.0, "margin": 0.04571637511253357}, "3_eval": {"Loss": 0.3236727714538574, "Acc:": 0.7296348214149475, "rso50": 1.0, "margin": 0.14346444606781006}, "4_train": {"Loss": 0.3592970073223114, "Acc:": 0.7061112523078918, "rso50": 1.0, "margin": 0.07157233357429504}, "4_eval": {"Loss": 0.2802402079105377, "Acc:": 0.7680294513702393, "rso50": 1.0, "margin": 0.13084065914154053}, "5_train": {"Loss": 0.3392834961414337, "Acc:": 0.7199563384056091, "rso50": 1.0, "margin": 0.057591140270233154}, "5_eval": {"Loss": 0.28159552812576294, "Acc:": 0.7662570476531982, "rso50": 1.0, "margin": 0.13683784008026123}, "6_train": {"Loss": 0.27658286690711975, "Acc:": 0.7644648551940918, "rso50": 1.0, "margin": 0.07305324077606201}, "6_eval": {"Loss": 0.2600621283054352, "Acc:": 0.7771131992340088, "rso50": 1.0, "margin": 0.17987626791000366}, "7_train": {"Loss": 0.2861052453517914, "Acc:": 0.7583398818969727, "rso50": 1.0, "margin": 0.05290776491165161}, "7_eval": {"Loss": 0.19974635541439056, "Acc:": 0.8251471519470215, "rso50": 1.0, "margin": 0.225896418094635}, "8_train": {"Loss": 0.2564806342124939, "Acc:": 0.7882493138313293, "rso50": 0.9166666666666666, "margin": 0.009190082550048828}, "8_eval": {"Loss": 0.11955241113901138, "Acc:": 0.8889157176017761, "rso50": 1.0, "margin": 0.3371395468711853}, "9_train": {"Loss": 0.24274985492229462, "Acc:": 0.7942715287208557, "rso50": 1.0, "margin": 0.03308534622192383}, "9_eval": {"Loss": 0.18634037673473358, "Acc:": 0.834587574005127, "rso50": 1.0, "margin": 0.2485358715057373}, "10_train": {"Loss": 0.24161316454410553, "Acc:": 0.8020398020744324, "rso50": 0.9583333333333334, "margin": 0.017356693744659424}, "10_eval": {"Loss": 0.11970467120409012, "Acc:": 0.8883326053619385, "rso50": 1.0, "margin": 0.3446189761161804}, "11_train": {"Loss": 0.21111498773097992, "Acc:": 0.8255202770233154, "rso50": 0.9583333333333334, "margin": 0.04138374328613281}, "11_eval": {"Loss": 0.1521117389202118, "Acc:": 0.8648836612701416, "rso50": 1.0, "margin": 0.26369792222976685}, "12_train": {"Loss": 0.21015816926956177, "Acc:": 0.82037353515625, "rso50": 1.0, "margin": 0.04527139663696289}, "12_eval": {"Loss": 0.12068464607000351, "Acc:": 0.8884480595588684, "rso50": 1.0, "margin": 0.32910072803497314}, "13_train": {"Loss": 0.2404937744140625, "Acc:": 0.7979497909545898, "rso50": 0.9583333333333334, "margin": 0.0482424795627594}, "13_eval": {"Loss": 0.1666155904531479, "Acc:": 0.852273166179657, "rso50": 1.0, "margin": 0.2536231279373169}, "14_train": {"Loss": 0.19280047714710236, "Acc:": 0.8342782855033875, "rso50": 1.0, "margin": 0.020673394203186035}, "14_eval": {"Loss": 0.15318270027637482, "Acc:": 0.8636191487312317, "rso50": 1.0, "margin": 0.26533544063568115}}