{"1_train": {"Loss": 0.6935506463050842, "Acc:": 0.49979865550994873, "rso50": 0.4583333333333333, "margin": 9.894371032714844e-06}, "1_eval": {"Loss": 0.6931495070457458, "Acc:": 0.5, "rso50": 0.5, "margin": 0.0010800957679748535}, "2_train": {"Loss": 0.4639132022857666, "Acc:": 0.637290358543396, "rso50": 0.9583333333333334, "margin": 0.0463109016418457}, "2_eval": {"Loss": 0.3919794261455536, "Acc:": 0.6819398403167725, "rso50": 1.0, "margin": 0.09985589981079102}, "3_train": {"Loss": 0.4085032045841217, "Acc:": 0.6733430027961731, "rso50": 0.9583333333333334, "margin": 0.03653398156166077}, "3_eval": {"Loss": 0.3097822368144989, "Acc:": 0.7457022666931152, "rso50": 1.0, "margin": 0.11281430721282959}, "4_train": {"Loss": 0.3222103416919708, "Acc:": 0.7300572395324707, "rso50": 1.0, "margin": 0.0672888457775116}, "4_eval": {"Loss": 0.2716967761516571, "Acc:": 0.7733579277992249, "rso50": 1.0, "margin": 0.14487570524215698}, "5_train": {"Loss": 0.30589792132377625, "Acc:": 0.746945858001709, "rso50": 0.9583333333333334, "margin": 0.021534502506256104}, "5_eval": {"Loss": 0.23667919635772705, "Acc:": 0.7930178642272949, "rso50": 1.0, "margin": 0.2246997356414795}, "6_train": {"Loss": 0.3097410798072815, "Acc:": 0.740556538105011, "rso50": 1.0, "margin": 0.08574724197387695}, "6_eval": {"Loss": 0.2302754670381546, "Acc:": 0.8019495010375977, "rso50": 1.0, "margin": 0.19250905513763428}, "7_train": {"Loss": 0.2545664310455322, "Acc:": 0.7841362357139587, "rso50": 0.9583333333333334, "margin": 0.08335256576538086}, "7_eval": {"Loss": 0.21862609684467316, "Acc:": 0.8118770122528076, "rso50": 1.0, "margin": 0.19863176345825195}, "8_train": {"Loss": 0.257550448179245, "Acc:": 0.7830273509025574, "rso50": 0.9583333333333334, "margin": 0.058746397495269775}, "8_eval": {"Loss": 0.20096425712108612, "Acc:": 0.8203032612800598, "rso50": 1.0, "margin": 0.26260340213775635}, "9_train": {"Loss": 0.26851844787597656, "Acc:": 0.778175413608551, "rso50": 0.9583333333333334, "margin": 0.057219624519348145}, "9_eval": {"Loss": 0.18277494609355927, "Acc:": 0.8352053165435791, "rso50": 1.0, "margin": 0.27404212951660156}, "10_train": {"Loss": 0.20504166185855865, "Acc:": 0.8237553238868713, "rso50": 0.9583333333333334, "margin": 0.09957975149154663}, "10_eval": {"Loss": 0.17135077714920044, "Acc:": 0.8507925868034363, "rso50": 1.0, "margin": 0.2328411340713501}, "11_train": {"Loss": 0.24579580128192902, "Acc:": 0.7932899594306946, "rso50": 1.0, "margin": 0.03314089775085449}, "11_eval": {"Loss": 0.16153168678283691, "Acc:": 0.857335090637207, "rso50": 1.0, "margin": 0.25221043825149536}, "12_train": {"Loss": 0.19877982139587402, "Acc:": 0.8249655365943909, "rso50": 1.0, "margin": 0.14542940258979797}, "12_eval": {"Loss": 0.1240231916308403, "Acc:": 0.8850590586662292, "rso50": 1.0, "margin": 0.3322082757949829}, "13_train": {"Loss": 0.19157569110393524, "Acc:": 0.8313085436820984, "rso50": 1.0, "margin": 0.08482921123504639}, "13_eval": {"Loss": 0.13779900968074799, "Acc:": 0.8734245300292969, "rso50": 1.0, "margin": 0.3159075975418091}, "14_train": {"Loss": 0.21107380092144012, "Acc:": 0.8194727897644043, "rso50": 1.0, "margin": 0.02292168140411377}, "14_eval": {"Loss": 0.27411970496177673, "Acc:": 0.7708781361579895, "rso50": 1.0, "margin": 0.14377814531326294}}