{"1_train": {"Loss": 0.6948103904724121, "Acc:": 0.49917683005332947, "rso50": 0.4583333333333333, "margin": 7.531046867370605e-05}, "1_eval": {"Loss": 0.693189799785614, "Acc:": 0.5000000596046448, "rso50": 0.5, "margin": 0.004616498947143555}, "2_train": {"Loss": 0.46796369552612305, "Acc:": 0.6348177194595337, "rso50": 0.9583333333333334, "margin": 0.0647953450679779}, "2_eval": {"Loss": 0.40382352471351624, "Acc:": 0.6737542152404785, "rso50": 1.0, "margin": 0.09474444389343262}, "3_train": {"Loss": 0.3918941915035248, "Acc:": 0.6841161251068115, "rso50": 1.0, "margin": 0.008855819702148438}, "3_eval": {"Loss": 0.2990662157535553, "Acc:": 0.7511723041534424, "rso50": 1.0, "margin": 0.13362884521484375}, "4_train": {"Loss": 0.35975661873817444, "Acc:": 0.7059085965156555, "rso50": 1.0, "margin": 0.027484118938446045}, "4_eval": {"Loss": 0.2835751473903656, "Acc:": 0.7640409469604492, "rso50": 1.0, "margin": 0.13560593128204346}, "5_train": {"Loss": 0.34007155895233154, "Acc:": 0.7153549194335938, "rso50": 1.0, "margin": 0.08122092485427856}, "5_eval": {"Loss": 0.2802129089832306, "Acc:": 0.7612174153327942, "rso50": 1.0, "margin": 0.18005061149597168}, "6_train": {"Loss": 0.3085732161998749, "Acc:": 0.7422886490821838, "rso50": 1.0, "margin": 0.08766913414001465}, "6_eval": {"Loss": 0.24665473401546478, "Acc:": 0.7925863862037659, "rso50": 1.0, "margin": 0.162053644657135}, "7_train": {"Loss": 0.32195281982421875, "Acc:": 0.7351656556129456, "rso50": 1.0, "margin": 0.011429250240325928}, "7_eval": {"Loss": 0.24350754916667938, "Acc:": 0.7978184819221497, "rso50": 1.0, "margin": 0.14930975437164307}, "8_train": {"Loss": 0.25245222449302673, "Acc:": 0.7821106910705566, "rso50": 1.0, "margin": 0.1635388731956482}, "8_eval": {"Loss": 0.20058207213878632, "Acc:": 0.8280079364776611, "rso50": 1.0, "margin": 0.20143592357635498}, "9_train": {"Loss": 0.24772240221500397, "Acc:": 0.7927548289299011, "rso50": 1.0, "margin": 0.011833488941192627}, "9_eval": {"Loss": 0.19999636709690094, "Acc:": 0.8262056708335876, "rso50": 1.0, "margin": 0.2158769965171814}, "10_train": {"Loss": 0.22248338162899017, "Acc:": 0.8083526492118835, "rso50": 1.0, "margin": 0.05829429626464844}, "10_eval": {"Loss": 0.17652463912963867, "Acc:": 0.8418846130371094, "rso50": 1.0, "margin": 0.26299887895584106}, "11_train": {"Loss": 0.1598280966281891, "Acc:": 0.8572575449943542, "rso50": 1.0, "margin": 0.07771909236907959}, "11_eval": {"Loss": 0.08683546632528305, "Acc:": 0.9182898998260498, "rso50": 1.0, "margin": 0.36689674854278564}, "12_train": {"Loss": 0.1863389015197754, "Acc:": 0.8351379036903381, "rso50": 1.0, "margin": 0.15557777881622314}, "12_eval": {"Loss": 0.16359306871891022, "Acc:": 0.8535395264625549, "rso50": 1.0, "margin": 0.2676231861114502}, "13_train": {"Loss": 0.1807972937822342, "Acc:": 0.8416610360145569, "rso50": 1.0, "margin": 0.08369386196136475}, "13_eval": {"Loss": 0.1107201874256134, "Acc:": 0.8982501029968262, "rso50": 1.0, "margin": 0.3249098062515259}, "14_train": {"Loss": 0.2063477486371994, "Acc:": 0.8223363757133484, "rso50": 1.0, "margin": 0.05858409404754639}, "14_eval": {"Loss": 0.1290261596441269, "Acc:": 0.8814999461174011, "rso50": 1.0, "margin": 0.31854164600372314}}